Codigo equipo;Nombre equipo;Archivo en Mantum;Archivo descargado;Tipo de imagen;Bytes
001.1;CONDENSADOR;Equipo_20190515073829_WhatsApp Image 2019-05-11 at 12.03.02 PM (1).jpeg;001.1__condensador.jpg;foto propia del equipo;60971
001.2;ATOMIZADOR HUMIFICADOR;Equipo_20190515080134_Presentacion1.jpg;001.2__atomizador-humificador.jpg;foto propia del equipo;61455
001.4;EVAPORADOR;Equipo_20190515092528_DSC00340.JPG;001.4__evaporador.jpg;foto propia del equipo;131181
004.1;BANDA TRANSPORTADORA 1;Equipo_20190511123320_WhatsApp Image 2019-05-11 at 12.37.24 PM.jpeg;004.1__banda-transportadora-1.jpg;foto propia del equipo;61378
004.2;BANDA TRANSPORTADORA 2;Equipo_20190511123417_WhatsApp Image 2019-05-11 at 12.37.45 PM (1).jpeg;004.2__banda-transportadora-2.jpg;foto propia del equipo;58039
004.3;BANDA TRANSPORTADORA 3;Equipo_20190511123518_WhatsApp Image 2019-05-11 at 12.37.45 PM.jpeg;004.3__banda-transportadora-3.jpg;foto propia del equipo;73118
004.6;CAROS TRASPORTE DE CAJA DE POLLO;Equipo_20190515101040_WhatsApp Image 2019-05-15 at 10.16.55 AM.jpeg;004.6__caros-trasporte-de-caja-de-pollo.jpg;foto propia del equipo;111646
005.1;COMPRESOR DE TORNILLO 1;Equipo_20190511091740_SOMAR-SCT-1010.png;005.1__compresor-de-tornillo-1.png;foto propia del equipo;403327
005.10;TABLERO ELECTRICO 420V;Equipo_20190528145410_WhatsApp Image 2019-05-28 at 2.51.06 PM.jpeg;005.10__tablero-electrico-420v.jpg;foto propia del equipo;42090
005.11;UPS 3000 KVA;Equipo_20190531091913_ups-1kva-online-newline-ea901ii.jpg;005.11__ups-3000-kva.jpg;foto propia del equipo;25498
005.12;AHU MANEJADORA DE AIRE 3 NACEDORA;Equipo_20190521111222_WhatsApp Image 2019-05-21 at 11.14.14 AM.jpeg;005.12__ahu-manejadora-de-aire-3-nacedora.jpg;foto propia del equipo;71684
005.13;AHU MANEJADORA DE AIRE 2 INCUBADORA;Equipo_20190521111121_WhatsApp Image 2019-05-21 at 11.14.15 AM.jpeg;005.13__ahu-manejadora-de-aire-2-incubadora.jpg;foto propia del equipo;55078
005.2;COMPRESOR DE TORNILLO 2;Equipo_20190511092439_SOMAR-SCT-1010.png;005.2__compresor-de-tornillo-2.png;foto propia del equipo;403327
005.3;SECADOR DE AIRE ALUD;Equipo_20190511093608_descarga.jpg;005.3__secador-de-aire-alud.jpg;foto propia del equipo;8486
005.4;CHILLER;Equipo_20190510105411_RTAE-Page.png;005.4__chiller.png;foto propia del equipo;150300
005.6;CALENTADOR DE AGUA;Equipo_20190521112353_WhatsApp Image 2019-05-21 at 11.29.31 AM.jpeg;005.6__calentador-de-agua.jpg;foto propia del equipo;66455
005.7;PANEL DE ALARMA;Equipo_20190514154320_Presentacion1.jpg;005.7__panel-de-alarma.jpg;foto propia del equipo;87061
005.8;TABLERO CONTROL SB1;Equipo_20190528144034_WhatsApp Image 2019-05-28 at 2.45.20 PM.jpeg;005.8__tablero-control-sb1.jpg;foto propia del equipo;48010
005.9;TABLERO ELECTRICO 220V;Equipo_20190528144438_WhatsApp Image 2019-05-28 at 2.51.17 PM.jpeg;005.9__tablero-electrico-220v.jpg;foto propia del equipo;39168
006.2;LOCATIVO EXTERIOR;Equipo_20190521114840_Presentacion1.jpg;006.2__locativo-exterior.jpg;foto propia del equipo;352062
006.3;LOCATIVO INTERIOR;Equipo_20190521125949_locativo interior.jpg;006.3__locativo-interior.jpg;foto propia del equipo;101473
006.4;ARCO DE DESINFECCIONES;Equipo_20190619082932_WhatsApp Image 2019-05-21 at 11.41.13 AM.jpeg;006.4__arco-de-desinfecciones.jpg;foto propia del equipo;204761
007.1;METROLOGIA;Equipo_20190621073639_metrologia mt.jpg;007.1__metrologia.jpg;foto propia del equipo;176672
008.1;PLANTA DE EMERGENCIA 380;Equipo_20190511090106_DSC00339.JPG;008.1__planta-de-emergencia-380.jpg;foto propia del equipo;130939
009.1;CHEVROLET WCQ 418;Equipo_20190521094140_418.jpg;009.1__chevrolet-wcq-418.jpg;foto propia del equipo;88818
009.2;CHEVROLET WCQ 419;Equipo_20190521093924_419.jpg;009.2__chevrolet-wcq-419.jpg;foto propia del equipo;81181
011.1;AHU MANEJADORA DE AIRE 1 RECEPCION;Equipo_20190521111411_WhatsApp Image 2019-05-21 at 11.14.16 AM.jpeg;011.1__ahu-manejadora-de-aire-1-recepcion.jpg;foto propia del equipo;74207
011.2;AHU MANEJADORA DE AIRE 4 SEXADO;Equipo_20190521111528_WhatsApp Image 2019-05-21 at 11.14.15 AM (2).jpeg;011.2__ahu-manejadora-de-aire-4-sexado.jpg;foto propia del equipo;67599
011.3;AHU MANEJADORA DE AIRE 5 DESPACHOS;Equipo_20190521111631_WhatsApp Image 2019-05-21 at 11.14.15 AM (1).jpeg;011.3__ahu-manejadora-de-aire-5-despachos.jpg;foto propia del equipo;66367
012168;DOVAC DESVAC;InstalacionProceso_1576078404.1605_12397.jpeg;012168__dovac-desvac.jpg;HEREDADA (logo/sala) - no es foto del equipo;53396
012169;DOVAC DESVAC;InstalacionProceso_1576078404.1605_12397.jpeg;012169__dovac-desvac.jpg;HEREDADA (logo/sala) - no es foto del equipo;53396
012173;DOVAC DESVAC;InstalacionProceso_1576078404.1605_12397.jpeg;012173__dovac-desvac.jpg;HEREDADA (logo/sala) - no es foto del equipo;53396
012177;DOVAC DESVAC;InstalacionProceso_1576078404.1605_12397.jpeg;012177__dovac-desvac.jpg;HEREDADA (logo/sala) - no es foto del equipo;53396
012178;DOVAC DESVAC;InstalacionProceso_1576078404.1605_12397.jpeg;012178__dovac-desvac.jpg;HEREDADA (logo/sala) - no es foto del equipo;53396
012179;DOVAC DESVAC;InstalacionProceso_1576078404.1605_12397.jpeg;012179__dovac-desvac.jpg;HEREDADA (logo/sala) - no es foto del equipo;53396
013.1;CHILLER 2;InstalacionProceso_20190515144753_Logotipo.png;013.1__chiller-2.png;HEREDADA (logo/sala) - no es foto del equipo;91651
013.2;CHILLER 3;InstalacionProceso_20190515144753_Logotipo.png;013.2__chiller-3.png;HEREDADA (logo/sala) - no es foto del equipo;91651
AS-001.1;ESPUMADORA 02;Equipo_20190614110252_FI-10N-B-SSBV_IMG_1365a_V20180816.jpg;AS-001.1__espumadora-02.jpg;foto propia del equipo;108598
AS-001.2;ELECTRO BOMBA DE LAVADO;Equipo_20190614131243_descarga (5).jpg;AS-001.2__electro-bomba-de-lavado.jpg;foto propia del equipo;8332
AS-001.3;ESPUMADORA 01;Equipo_20190614132620_ESPUMADORA.jpg;AS-001.3__espumadora-01.jpg;foto propia del equipo;25965
CH-001.1;GUADANA;Equipo_20190531135536_9076a04347e34b30bf8676e410bc2941.jpg;CH-001.1__guadana.jpg;foto propia del equipo;22542
CH-001.2;FUMIGADORA DE ESPALDA;Equipo_20190515105210_FUMIGADORA-ROYAL-ALIADA.jpg;CH-001.2__fumigadora-de-espalda.jpg;foto propia del equipo;26154
CM001.1;CAMARAS DE SEGURIDAD;Equipo_20190611142257_images.jpg;CM001.1__camaras-de-seguridad.jpg;foto propia del equipo;4677
EQ-001;Tanques de agua potable modulo 4;InstalacionProceso_20190515144628_WP_20150424_14_29_31_web(1).jpg;EQ-001__tanques-de-agua-potable-modulo-4.jpg;HEREDADA (logo/sala) - no es foto del equipo;114727
EQ-002;CONTADOR;Equipo_20190524161534_descarga.png;EQ-002__contador.png;foto propia del equipo;4583
EQ-003;BOMBA AHU INCUBADORA;Equipo_20190531111349_TP 32-160_2P_60Hz_MG_3ph_0.55kW.jpg;EQ-003__bomba-ahu-incubadora.jpg;foto propia del equipo;34032
EQ-004;BOMBA AHU TUNEL PEQUENO;Equipo_20190531115132_CR 3-3_A_Oval_Rp_(Connection)_MG71A_2P_B14_3ph_0.37kW (1).jpg;EQ-004__bomba-ahu-tunel-pequeno.jpg;foto propia del equipo;32951
EQ-005;BOMBA AHU DESPACHO POLLITO;Equipo_20190531115132_CR 3-3_A_Oval_Rp_(Connection)_MG71A_2P_B14_3ph_0.37kW (1).jpg;EQ-005__bomba-ahu-despacho-pollito.jpg;foto propia del equipo;32951
EQ-006;BOMBA AHU NACIMIENTO;Equipo_20190531115132_CR 3-3_A_Oval_Rp_(Connection)_MG71A_2P_B14_3ph_0.37kW (1).jpg;EQ-006__bomba-ahu-nacimiento.jpg;foto propia del equipo;32951
EQ-007;BOMBA AHU RECEPCION;Equipo_20190531115132_CR 3-3_A_Oval_Rp_(Connection)_MG71A_2P_B14_3ph_0.37kW (1).jpg;EQ-007__bomba-ahu-recepcion.jpg;foto propia del equipo;32951
EQ-008;BOMBA 01 INCUBADORA Y NACEDORA;Equipo_20190531132057_BOMBA.jpg;EQ-008__bomba-01-incubadora-y-nacedora.jpg;foto propia del equipo;56675
EQ-009;BOMBA 02 INCUBADORA Y NACEDORA;Equipo_20190531132057_BOMBA.jpg;EQ-009__bomba-02-incubadora-y-nacedora.jpg;foto propia del equipo;56675
EQ-010;BOMBA 01 CHILLER;Equipo_20190531134919_CR 3-8_A_Oval_Rp_(Connection)_MG90SB_2P_B14_1ph_1.1kW.jpg;EQ-010__bomba-01-chiller.jpg;foto propia del equipo;32113
EQ-011;BOMBA 02 CHILLER;Equipo_20190531134919_CR 3-8_A_Oval_Rp_(Connection)_MG90SB_2P_B14_1ph_1.1kW.jpg;EQ-011__bomba-02-chiller.jpg;foto propia del equipo;32113
EQ-012;CLASIFICADORA HUEVO;InstalacionProceso_1576076313.0449_21901.jpeg;EQ-012__clasificadora-huevo.jpg;HEREDADA (logo/sala) - no es foto del equipo;52671
INC-001.1;INCUBADORA 1;Equipo_20190510111403_Equipo_750_164_incubadora.jpg;INC-001.1__incubadora-1.jpg;foto propia del equipo;124145
INC-001.10;INCUBADORA 10;Equipo_20190510111852_Equipo_750_164_incubadora.jpg;INC-001.10__incubadora-10.jpg;foto propia del equipo;124145
INC-001.11;INCUBADORA 11;Equipo_20190510111945_Equipo_750_164_incubadora.jpg;INC-001.11__incubadora-11.jpg;foto propia del equipo;124145
INC-001.12;INCUBADORA 12;Equipo_20190510105813_Equipo_750_164_incubadora.jpg;INC-001.12__incubadora-12.jpg;foto propia del equipo;124145
INC-001.2;INCUBADORA 2;Equipo_20190510111403_Equipo_750_164_incubadora.jpg;INC-001.2__incubadora-2.jpg;foto propia del equipo;124145
INC-001.3;INCUBADORA 3;Equipo_750_164_incubadora.jpg;INC-001.3__incubadora-3.jpg;foto propia del equipo;124145
INC-001.4;INCUBADORA 4;Equipo_20190510110501_Equipo_750_164_incubadora.jpg;INC-001.4__incubadora-4.jpg;foto propia del equipo;124145
INC-001.5;INCUBADORA 5;Equipo_20190510111223_Equipo_750_164_incubadora.jpg;INC-001.5__incubadora-5.jpg;foto propia del equipo;124145
INC-001.6;INCUBADORA 6;Equipo_20190510111403_Equipo_750_164_incubadora.jpg;INC-001.6__incubadora-6.jpg;foto propia del equipo;124145
INC-001.7;INCUBADORA 7;Equipo_20190510111551_Equipo_750_164_incubadora.jpg;INC-001.7__incubadora-7.jpg;foto propia del equipo;124145
INC-001.8;INCUBADORA 8;Equipo_20190510111700_Equipo_750_164_incubadora.jpg;INC-001.8__incubadora-8.jpg;foto propia del equipo;124145
INC-001.9;INCUBADORA 9;Equipo_20190510111750_Equipo_750_164_incubadora.jpg;INC-001.9__incubadora-9.jpg;foto propia del equipo;124145
INC-002.13;INCUBADORA 13;InstalacionProceso_20190515144753_Logotipo.png;INC-002.13__incubadora-13.png;HEREDADA (logo/sala) - no es foto del equipo;91651
INC-002.14;INCUBADORA 14;InstalacionProceso_20190515144753_Logotipo.png;INC-002.14__incubadora-14.png;HEREDADA (logo/sala) - no es foto del equipo;91651
INC-002.15;INCUBADORA 15;InstalacionProceso_20190515144753_Logotipo.png;INC-002.15__incubadora-15.png;HEREDADA (logo/sala) - no es foto del equipo;91651
INC-002.16;INCUVADORA 16;InstalacionProceso_20190515144753_Logotipo.png;INC-002.16__incuvadora-16.png;HEREDADA (logo/sala) - no es foto del equipo;91651
INC-002.17;INCUBADORA 17;InstalacionProceso_20190515144753_Logotipo.png;INC-002.17__incubadora-17.png;HEREDADA (logo/sala) - no es foto del equipo;91651
INC-002.18;INCUBADORA 18;InstalacionProceso_20190515144753_Logotipo.png;INC-002.18__incubadora-18.png;HEREDADA (logo/sala) - no es foto del equipo;91651
INC-002.19;INCUBADORA 19;InstalacionProceso_20190515144753_Logotipo.png;INC-002.19__incubadora-19.png;HEREDADA (logo/sala) - no es foto del equipo;91651
INC-002.20;INCUBADORA 20;InstalacionProceso_20190515144753_Logotipo.png;INC-002.20__incubadora-20.png;HEREDADA (logo/sala) - no es foto del equipo;91651
INC-002.21;INCUBADORA 21;InstalacionProceso_20190515144753_Logotipo.png;INC-002.21__incubadora-21.png;HEREDADA (logo/sala) - no es foto del equipo;91651
INC-002.22;INCUBADORA 22;InstalacionProceso_20190515144753_Logotipo.png;INC-002.22__incubadora-22.png;HEREDADA (logo/sala) - no es foto del equipo;91651
INC-002.23;INCUBADORA 23;InstalacionProceso_20190515144753_Logotipo.png;INC-002.23__incubadora-23.png;HEREDADA (logo/sala) - no es foto del equipo;91651
INC-002.24;INCUBADORA 24;InstalacionProceso_20190515144753_Logotipo.png;INC-002.24__incubadora-24.png;HEREDADA (logo/sala) - no es foto del equipo;91651
NAC-001.1;NACEDORA 1;Equipo_20190510112618_Equipo_20170706212354_descarga.jpg;NAC-001.1__nacedora-1.jpg;foto propia del equipo;6508
NAC-001.2;NACEDORA 2;Equipo_20190510112724_Equipo_20170706212354_descarga.jpg;NAC-001.2__nacedora-2.jpg;foto propia del equipo;6508
NAC-001.3;NACEDORA 3;Equipo_20190510112816_Equipo_20170706212354_descarga.jpg;NAC-001.3__nacedora-3.jpg;foto propia del equipo;6508
NAC-002.4;NACEDORA 4;Equipo_20190510112903_Equipo_20170706212354_descarga.jpg;NAC-002.4__nacedora-4.jpg;foto propia del equipo;6508
NAC-002.5;NACEDORA 5;Equipo_20190510112947_Equipo_20170706212354_descarga.jpg;NAC-002.5__nacedora-5.jpg;foto propia del equipo;6508
NAC-002.6;NACEDORA 6;Equipo_20190510113120_Equipo_20170706212354_descarga.jpg;NAC-002.6__nacedora-6.jpg;foto propia del equipo;6508
NAC-003.1;NACEDORA 7;InstalacionProceso_20190515144753_Logotipo.png;NAC-003.1__nacedora-7.png;HEREDADA (logo/sala) - no es foto del equipo;91651
NAC-003.2;NACEDORA 8;InstalacionProceso_20190515144753_Logotipo.png;NAC-003.2__nacedora-8.png;HEREDADA (logo/sala) - no es foto del equipo;91651
NAC-003.3;NACEDORA 9;InstalacionProceso_20190515144753_Logotipo.png;NAC-003.3__nacedora-9.png;HEREDADA (logo/sala) - no es foto del equipo;91651
NAC-004.1;NACEDORA 10;InstalacionProceso_20190515144753_Logotipo.png;NAC-004.1__nacedora-10.png;HEREDADA (logo/sala) - no es foto del equipo;91651
NAC-004.2;NACEDORA 11;InstalacionProceso_20190515144753_Logotipo.png;NAC-004.2__nacedora-11.png;HEREDADA (logo/sala) - no es foto del equipo;91651
NAC-004.3;NACEDORA 12;InstalacionProceso_20190515144753_Logotipo.png;NAC-004.3__nacedora-12.png;HEREDADA (logo/sala) - no es foto del equipo;91651
PTAP-001;PLANTA DE TRATAMIENTO DE AGUA POTABLE;Equipo_20190521114715_WhatsApp Image 2019-05-21 at 11.41.16 AM.jpeg;PTAP-001__planta-de-tratamiento-de-agua-potable.jpg;foto propia del equipo;105451
PTAR-001;PLANTA DE TRATAMIENTO AGUAS RESIDUALES;Equipo_1576080863.9581_11741.jpeg;PTAR-001__planta-de-tratamiento-aguas-residuales.jpg;foto propia del equipo;266707
TRF-001.1;TRANSFORMADOR CHILLER;Equipo_20190605092815_WhatsApp Image 2019-06-05 at 9.11.33 AM.jpeg;TRF-001.1__transformador-chiller.jpg;foto propia del equipo;76184
VC-001.1;MAQUINA VACUNADORA 5014;Equipo_20190529075936_descarga (1).jpg;VC-001.1__maquina-vacunadora-5014.jpg;foto propia del equipo;6392
VC-001.2;MAQUINA VACUNADORA 5015;Equipo_20190529075936_descarga (1).jpg;VC-001.2__maquina-vacunadora-5015.jpg;foto propia del equipo;6392
VC-001.3;MAQUINA VACUNADORA 5016;Equipo_20190529075936_descarga (1).jpg;VC-001.3__maquina-vacunadora-5016.jpg;foto propia del equipo;6392
VC-001.4;MAQUINA VACUNADORA 5018;Equipo_20190529075936_descarga (1).jpg;VC-001.4__maquina-vacunadora-5018.jpg;foto propia del equipo;6392
VC-001.5;MAQUINA VACUNADORA 5011;Equipo_20190529075936_descarga (1).jpg;VC-001.5__maquina-vacunadora-5011.jpg;foto propia del equipo;6392
VC-001.6;MAQUINA VACUNADORA 5013;Equipo_20190529075936_descarga (1).jpg;VC-001.6__maquina-vacunadora-5013.jpg;foto propia del equipo;6392
VC-001.7;SPRA-VAC;Equipo_20190529085814_descarga (2).jpg;VC-001.7__spra-vac.jpg;foto propia del equipo;5851
