Codigo instalacion;Archivo en Mantum;Archivo descargado;Tipo;Bytes
INC;InstalacionProceso_20190515144753_Logotipo.png;inc.png;LOGO (la instalacion no tiene foto propia);91651
INC-GR;InstalacionProceso_20190515144753_Logotipo.png;inc-gr.png;LOGO (la instalacion no tiene foto propia);91651
INC-PI;InstalacionProceso_20190515144753_Logotipo.png;inc-pi.png;LOGO (la instalacion no tiene foto propia);91651
INC-GR-001;InstalacionProceso_20190515144628_WP_20150424_14_29_31_web(1).jpg;inc-gr-001.jpg;foto real de la instalacion;114727
INC-PI-001;InstalacionProceso_20190515144753_Logotipo.png;inc-pi-001.png;LOGO (la instalacion no tiene foto propia);91651
001;InstalacionProceso_20190515152804_HUEVO.jpg;001.jpg;foto real de la instalacion;180177
003;InstalacionProceso_20190515144753_Logotipo.png;003.png;LOGO (la instalacion no tiene foto propia);91651
004;InstalacionProceso_20190511123232_WhatsApp Image 2019-05-11 at 12.37.46 PM.jpeg;004.jpg;foto real de la instalacion;68536
005;InstalacionProceso_20190511122440_WhatsApp Image 2019-05-11 at 12.30.06 PM.jpeg;005.jpg;foto real de la instalacion;89148
006;InstalacionProceso_20190521115037_Logotipo Incubant.jpg;006.jpg;LOGO (la instalacion no tiene foto propia);739329
007;InstalacionProceso_20190515144753_Logotipo.png;007.png;LOGO (la instalacion no tiene foto propia);91651
008;InstalacionProceso_20190515104949_WhatsApp Image 2019-05-15 at 10.54.13 AM.jpeg;008.jpg;foto real de la instalacion;155460
009;InstalacionProceso_20190515144753_Logotipo.png;009.png;LOGO (la instalacion no tiene foto propia);91651
010;InstalacionProceso_20190515144753_Logotipo.png;010.png;LOGO (la instalacion no tiene foto propia);91651
011;InstalacionProceso_20190515144753_Logotipo.png;011.png;LOGO (la instalacion no tiene foto propia);91651
012;InstalacionProceso_20190515144753_Logotipo.png;012.png;LOGO (la instalacion no tiene foto propia);91651
013;InstalacionProceso_20190515144753_Logotipo.png;013.png;LOGO (la instalacion no tiene foto propia);91651
GR-001-03;InstalacionProceso_20190515144628_WP_20150424_14_29_31_web(1).jpg;gr-001-03.jpg;foto real de la instalacion;114727
INC-001;InstalacionProceso_20190511124022_WhatsApp Image 2019-05-11 at 12.46.07 PM.jpeg;inc-001.jpg;foto real de la instalacion;53106
INC-002;InstalacionProceso_20190515144753_Logotipo.png;inc-002.png;LOGO (la instalacion no tiene foto propia);91651
NAC-003;InstalacionProceso_20190515144753_Logotipo.png;nac-003.png;LOGO (la instalacion no tiene foto propia);91651
NAC-004;InstalacionProceso_20190515144753_Logotipo.png;nac-004.png;LOGO (la instalacion no tiene foto propia);91651
AS-001;InstalacionProceso_20190521115037_Logotipo Incubant.jpg;as-001.jpg;LOGO (la instalacion no tiene foto propia);739329
CDP-001;InstalacionProceso_1576078258.6721_22772.jpeg;cdp-001.jpg;foto real de la instalacion;55310
CDP-002;InstalacionProceso_1576078404.1605_12397.jpeg;cdp-002.jpg;foto real de la instalacion;53396
CDP-003;InstalacionProceso_20190511123232_WhatsApp Image 2019-05-11 at 12.37.46 PM.jpeg;cdp-003.jpg;foto real de la instalacion;68536
CDP-004;InstalacionProceso_20190511123232_WhatsApp Image 2019-05-11 at 12.37.46 PM.jpeg;cdp-004.jpg;foto real de la instalacion;68536
CDP-005;InstalacionProceso_1576078974.4773_24107.jpeg;cdp-005.jpg;foto real de la instalacion;48860
CFH-001;InstalacionProceso_1576076313.0449_21901.jpeg;cfh-001.jpg;foto real de la instalacion;52671
CH-001;InstalacionProceso_20190515104949_WhatsApp Image 2019-05-15 at 10.54.13 AM.jpeg;ch-001.jpg;foto real de la instalacion;155460
CM001;InstalacionProceso_20190521115037_Logotipo Incubant.jpg;cm001.jpg;LOGO (la instalacion no tiene foto propia);739329
CRTF-001;InstalacionProceso_1576076183.8656_28601.jpg;crtf-001.jpg;foto real de la instalacion;115216
NAC-001;InstalacionProceso_20190511124107_WhatsApp Image 2019-05-11 at 12.45.57 PM.jpeg;nac-001.jpg;foto real de la instalacion;42606
NAC-002;InstalacionProceso_20190515144753_Logotipo.png;nac-002.png;LOGO (la instalacion no tiene foto propia);91651
PTA-001;InstalacionProceso_1576080445.3881_3156.jpeg;pta-001.jpg;foto real de la instalacion;105451
PTA-002;InstalacionProceso_1576080591.9138_1404.jpeg;pta-002.jpg;foto real de la instalacion;266707
ST-001;InstalacionProceso_20190529105018_WhatsApp Image 2019-05-29 at 10.55.27 AM.jpeg;st-001.jpg;foto real de la instalacion;157376
TRF-001;InstalacionProceso_20190605090933_WhatsApp Image 2019-06-05 at 9.10.03 AM.jpeg;trf-001.jpg;foto real de la instalacion;152316
UB-001;InstalacionProceso_20190531154427_Presentacion1.jpg;ub-001.jpg;foto real de la instalacion;212036
VC-001;InstalacionProceso_20190511123232_WhatsApp Image 2019-05-11 at 12.37.46 PM.jpeg;vc-001.jpg;foto real de la instalacion;68536
ZHA-001;InstalacionProceso_20190515144753_Logotipo.png;zha-001.png;LOGO (la instalacion no tiene foto propia);91651
ZHA-002;InstalacionProceso_20190515144753_Logotipo.png;zha-002.png;LOGO (la instalacion no tiene foto propia);91651
ZHA-003;InstalacionProceso_20190515144753_Logotipo.png;zha-003.png;LOGO (la instalacion no tiene foto propia);91651
