Codigo equipo;Nombre equipo;Manual;Archivo en Mantum;Archivo descargado;Bytes
001.2;ATOMIZADOR HUMIFICADOR;hygromatik-katalog-air-atomizer-dg;Equipo_20190515080131_hygromatik-katalog-air-atomizer-dg.pdf;001.2__hygromatik-katalog-air-atomizer-dg.pdf;1540894
005.1;COMPRESOR DE TORNILLO 1;7348530040;Equipo_20190511100237_7348530040.pdf;005.1__7348530040.pdf;2291781
005.11;UPS 3000 KVA;manual_usuario_ups_on_line_doble_conversion_ea900ii_1-10kva_monofasico_15;Equipo_20190531092308_manual_usuario_ups_on_line_doble_conversion_ea900ii_1-10kva_monofasico_15.pdf;005.11__manual-usuario-ups-on-line-doble-conversion-ea900ii-1-10kva-monofasico.pdf;1455741
005.2;COMPRESOR DE TORNILLO 2;7348530040;Equipo_20190511100407_7348530040.pdf;005.2__7348530040.pdf;2291781
005.3;SECADOR DE AIRE ALUD;ALUP_ADQ_21-5040_leaflet_ES_6999660033;Equipo_20190511093020_ALUP_ADQ_21-5040_leaflet_ES_6999660033.pdf;005.3__ALUP-ADQ-21-5040-leaflet-ES-6999660033.pdf;2481010
009.1;CHEVROLET WCQ 418;nqr-reward;Equipo_20190521093239_nqr-reward.pdf;009.1__nqr-reward.pdf;968799
009.2;CHEVROLET WCQ 419;npr-reward;Equipo_20190521092805_npr-reward.pdf;009.2__npr-reward.pdf;878206
AS-001.2;ELECTRO BOMBA DE LAVADO;Ficha-HE-1.5-20-HE-1.5-30;Equipo_20190614125622_Ficha-HE-1.5-20-HE-1.5-30.pdf;AS-001.2__Ficha-HE-1-5-20-HE-1-5-30.pdf;1759606
CH-001.1;GUADANA;357725862-Manual-Guadana-Fs280;Equipo_20190531135553_357725862-Manual-Guadana-Fs280.pdf;CH-001.1__357725862-Manual-Guadana-Fs280.pdf;3999179
CH-001.1;GUADANA;Trabajar de forma segura con la motoguadana y la desbrozadora;Equipo_20190531135600_Trabajar de forma segura con la motoguadana y la desbrozadora.pdf;CH-001.1__Trabajar-de-forma-segura-con-la-motoguadana-y-la-desbrozadora.pdf;823301
CH-001.1;GUADANA;Trabajar de forma segura con la tronzadora;Equipo_20190531135611_Trabajar de forma segura con la tronzadora.pdf;CH-001.1__Trabajar-de-forma-segura-con-la-tronzadora.pdf;1319718
EQ-003;BOMBA AHU INCUBADORA;Grundfosliterature-2230;Equipo_20190531112450_Grundfosliterature-2230.pdf;EQ-003__Grundfosliterature-2230.pdf;635797
EQ-004;BOMBA AHU TUNEL PEQUENO;96517772_CR_32_AAAEHQQE (1);Equipo_20190531115122_96517772_CR_32_AAAEHQQE (1).pdf;EQ-004__96517772-CR-32-AAAEHQQE-1.pdf;1603247
EQ-004;BOMBA AHU TUNEL PEQUENO;Grundfosliterature-2230;Equipo_20190531115144_Grundfosliterature-2230.pdf;EQ-004__Grundfosliterature-2230.pdf;635797
EQ-005;BOMBA AHU DESPACHO POLLITO;96517772_CR_32_AAAEHQQE (1);Equipo_20190531115122_96517772_CR_32_AAAEHQQE (1).pdf;EQ-005__96517772-CR-32-AAAEHQQE-1.pdf;1603247
EQ-005;BOMBA AHU DESPACHO POLLITO;Grundfosliterature-2230;Equipo_20190531115144_Grundfosliterature-2230.pdf;EQ-005__Grundfosliterature-2230.pdf;635797
EQ-006;BOMBA AHU NACIMIENTO;96517772_CR_32_AAAEHQQE (1);Equipo_20190531115122_96517772_CR_32_AAAEHQQE (1).pdf;EQ-006__96517772-CR-32-AAAEHQQE-1.pdf;1603247
EQ-006;BOMBA AHU NACIMIENTO;Grundfosliterature-2230;Equipo_20190531115144_Grundfosliterature-2230.pdf;EQ-006__Grundfosliterature-2230.pdf;635797
EQ-007;BOMBA AHU RECEPCION;96517772_CR_32_AAAEHQQE (1);Equipo_20190531115122_96517772_CR_32_AAAEHQQE (1).pdf;EQ-007__96517772-CR-32-AAAEHQQE-1.pdf;1603247
EQ-007;BOMBA AHU RECEPCION;Grundfosliterature-2230;Equipo_20190531115144_Grundfosliterature-2230.pdf;EQ-007__Grundfosliterature-2230.pdf;635797
EQ-008;BOMBA 01 INCUBADORA Y NACEDORA;96536876_CR_38_AAAEHQQE (1);Equipo_20190531132012_96536876_CR_38_AAAEHQQE (1).pdf;EQ-008__96536876-CR-38-AAAEHQQE-1.pdf;2004470
EQ-008;BOMBA 01 INCUBADORA Y NACEDORA;99134044_MGE80B;Equipo_20190531132042_99134044_MGE80B.pdf;EQ-008__99134044-MGE80B.pdf;361164
EQ-009;BOMBA 02 INCUBADORA Y NACEDORA;96536876_CR_38_AAAEHQQE (1);Equipo_20190531132012_96536876_CR_38_AAAEHQQE (1).pdf;EQ-009__96536876-CR-38-AAAEHQQE-1.pdf;2004470
EQ-009;BOMBA 02 INCUBADORA Y NACEDORA;99134044_MGE80B;Equipo_20190531132042_99134044_MGE80B.pdf;EQ-009__99134044-MGE80B.pdf;361164
EQ-010;BOMBA 01 CHILLER;96088845_TP_502502_AFABAQE;Equipo_20190531134914_96088845_TP_502502_AFABAQE.pdf;EQ-010__96088845-TP-502502-AFABAQE.pdf;605263
EQ-011;BOMBA 02 CHILLER;96088845_TP_502502_AFABAQE;Equipo_20190531134914_96088845_TP_502502_AFABAQE.pdf;EQ-011__96088845-TP-502502-AFABAQE.pdf;605263
INC-001.3;INCUBADORA 3;BioS-12SHD-0006-I;Equipo_20190511065819_BioS-12SHD-0006-I.pdf;INC-001.3__BioS-12SHD-0006-I.pdf;1523375
INC-001.3;INCUBADORA 3;Incubation guide BioStreamer-ES-v1;Equipo_20190511065830_Incubation guide BioStreamer-ES-v1.pdf;INC-001.3__Incubation-guide-BioStreamer-ES-v1.pdf;2252517
INC-001.3;INCUBADORA 3;saf-007-ES-v2;Equipo_20190511065835_saf-007-ES-v2.pdf;INC-001.3__saf-007-ES-v2.pdf;509359
INC-001.4;INCUBADORA 4;BioS-12SHD-0006-I;Equipo_20190511070220_BioS-12SHD-0006-I.pdf;INC-001.4__BioS-12SHD-0006-I.pdf;1523375
INC-001.4;INCUBADORA 4;Incubation guide BioStreamer-ES-v1;Equipo_20190511070232_Incubation guide BioStreamer-ES-v1.pdf;INC-001.4__Incubation-guide-BioStreamer-ES-v1.pdf;2252517
INC-001.4;INCUBADORA 4;saf-007-ES-v2;Equipo_20190511070236_saf-007-ES-v2.pdf;INC-001.4__saf-007-ES-v2.pdf;509359
INC-001.5;INCUBADORA 5;BioS-12SHD-0006-I;Equipo_20190511070523_BioS-12SHD-0006-I.pdf;INC-001.5__BioS-12SHD-0006-I.pdf;1523375
INC-001.5;INCUBADORA 5;Incubation guide BioStreamer-ES-v1;Equipo_20190511070537_Incubation guide BioStreamer-ES-v1.pdf;INC-001.5__Incubation-guide-BioStreamer-ES-v1.pdf;2252517
INC-001.5;INCUBADORA 5;saf-007-ES-v2;Equipo_20190511070542_saf-007-ES-v2.pdf;INC-001.5__saf-007-ES-v2.pdf;509359
INC-001.6;INCUBADORA 6;BioS-12SHD-0006-I;Equipo_20190511070905_BioS-12SHD-0006-I.pdf;INC-001.6__BioS-12SHD-0006-I.pdf;1523375
INC-001.6;INCUBADORA 6;Incubation guide BioStreamer-ES-v1;Equipo_20190511070918_Incubation guide BioStreamer-ES-v1.pdf;INC-001.6__Incubation-guide-BioStreamer-ES-v1.pdf;2252517
INC-001.6;INCUBADORA 6;saf-007-ES-v2;Equipo_20190511070922_saf-007-ES-v2.pdf;INC-001.6__saf-007-ES-v2.pdf;509359
INC-001.7;INCUBADORA 7;BioS-12SHD-0006-I;Equipo_20190511071124_BioS-12SHD-0006-I.pdf;INC-001.7__BioS-12SHD-0006-I.pdf;1523375
INC-001.7;INCUBADORA 7;Incubation guide BioStreamer-ES-v1;Equipo_20190511071134_Incubation guide BioStreamer-ES-v1.pdf;INC-001.7__Incubation-guide-BioStreamer-ES-v1.pdf;2252517
INC-001.7;INCUBADORA 7;saf-007-ES-v2;Equipo_20190511071149_saf-007-ES-v2.pdf;INC-001.7__saf-007-ES-v2.pdf;509359
INC-001.8;INCUBADORA 8;BioS-12SHD-0006-I;Equipo_20190511071339_BioS-12SHD-0006-I.pdf;INC-001.8__BioS-12SHD-0006-I.pdf;1523375
INC-001.8;INCUBADORA 8;Incubation guide BioStreamer-ES-v1;Equipo_20190511071356_Incubation guide BioStreamer-ES-v1.pdf;INC-001.8__Incubation-guide-BioStreamer-ES-v1.pdf;2252517
INC-001.8;INCUBADORA 8;saf-007-ES-v2;Equipo_20190511071400_saf-007-ES-v2.pdf;INC-001.8__saf-007-ES-v2.pdf;509359
INC-001.9;INCUBADORA 9;BioS-12SHD-0006-I;Equipo_20190511071619_BioS-12SHD-0006-I.pdf;INC-001.9__BioS-12SHD-0006-I.pdf;1523375
INC-001.9;INCUBADORA 9;Incubation guide BioStreamer-ES-v1;Equipo_20190511071634_Incubation guide BioStreamer-ES-v1.pdf;INC-001.9__Incubation-guide-BioStreamer-ES-v1.pdf;2252517
INC-001.9;INCUBADORA 9;saf-007-ES-v2;Equipo_20190511071640_saf-007-ES-v2.pdf;INC-001.9__saf-007-ES-v2.pdf;509359
INC-001.10;INCUBADORA 10;BioS-12SHD-0006-I;Equipo_20190511071743_BioS-12SHD-0006-I.pdf;INC-001.10__BioS-12SHD-0006-I.pdf;1523375
INC-001.10;INCUBADORA 10;Incubation guide BioStreamer-ES-v1;Equipo_20190511071805_Incubation guide BioStreamer-ES-v1.pdf;INC-001.10__Incubation-guide-BioStreamer-ES-v1.pdf;2252517
INC-001.10;INCUBADORA 10;saf-007-ES-v2;Equipo_20190511071811_saf-007-ES-v2.pdf;INC-001.10__saf-007-ES-v2.pdf;509359
INC-001.11;INCUBADORA 11;BioS-12SHD-0006-I;Equipo_20190511071904_BioS-12SHD-0006-I.pdf;INC-001.11__BioS-12SHD-0006-I.pdf;1523375
INC-001.11;INCUBADORA 11;Incubation guide BioStreamer-ES-v1;Equipo_20190511071918_Incubation guide BioStreamer-ES-v1.pdf;INC-001.11__Incubation-guide-BioStreamer-ES-v1.pdf;2252517
INC-001.11;INCUBADORA 11;saf-007-ES-v2;Equipo_20190511071924_saf-007-ES-v2.pdf;INC-001.11__saf-007-ES-v2.pdf;509359
INC-001.12;INCUBADORA 12;BioS-12SHD-0006-I;Equipo_20190511065954_BioS-12SHD-0006-I.pdf;INC-001.12__BioS-12SHD-0006-I.pdf;1523375
INC-001.12;INCUBADORA 12;Incubation guide BioStreamer-ES-v1;Equipo_20190511070008_Incubation guide BioStreamer-ES-v1.pdf;INC-001.12__Incubation-guide-BioStreamer-ES-v1.pdf;2252517
INC-001.12;INCUBADORA 12;saf-007-ES-v2;Equipo_20190511070013_saf-007-ES-v2.pdf;INC-001.12__saf-007-ES-v2.pdf;509359
NAC-001.1;NACEDORA 1;BioS-4HHD-0007-H;Equipo_20190511072249_BioS-4HHD-0007-H.pdf;NAC-001.1__BioS-4HHD-0007-H.pdf;1368297
NAC-001.1;NACEDORA 1;Incubation guide BioStreamer-ES-v1;Equipo_20190511072302_Incubation guide BioStreamer-ES-v1.pdf;NAC-001.1__Incubation-guide-BioStreamer-ES-v1.pdf;2252517
NAC-001.1;NACEDORA 1;saf-007-ES-v2 (1);Equipo_20190511072307_saf-007-ES-v2 (1).pdf;NAC-001.1__saf-007-ES-v2-1.pdf;509359
NAC-001.2;NACEDORA 2;BioS-4HHD-0007-H;Equipo_20190511072355_BioS-4HHD-0007-H.pdf;NAC-001.2__BioS-4HHD-0007-H.pdf;1368297
NAC-001.2;NACEDORA 2;Incubation guide BioStreamer-ES-v1;Equipo_20190511072407_Incubation guide BioStreamer-ES-v1.pdf;NAC-001.2__Incubation-guide-BioStreamer-ES-v1.pdf;2252517
NAC-001.2;NACEDORA 2;saf-007-ES-v2 (1);Equipo_20190511072412_saf-007-ES-v2 (1).pdf;NAC-001.2__saf-007-ES-v2-1.pdf;509359
NAC-002.4;NACEDORA 4;BioS-4HHD-0007-H;Equipo_20190511072548_BioS-4HHD-0007-H.pdf;NAC-002.4__BioS-4HHD-0007-H.pdf;1368297
NAC-002.4;NACEDORA 4;Incubation guide BioStreamer-ES-v1;Equipo_20190511072606_Incubation guide BioStreamer-ES-v1.pdf;NAC-002.4__Incubation-guide-BioStreamer-ES-v1.pdf;2252517
NAC-002.4;NACEDORA 4;saf-007-ES-v2 (1);Equipo_20190511072612_saf-007-ES-v2 (1).pdf;NAC-002.4__saf-007-ES-v2-1.pdf;509359
NAC-002.5;NACEDORA 5;BioS-4HHD-0007-H;Equipo_20190510113005_BioS-4HHD-0007-H.pdf;NAC-002.5__BioS-4HHD-0007-H.pdf;1368297
NAC-002.5;NACEDORA 5;Incubation guide BioStreamer-ES-v1;Equipo_20190511072716_Incubation guide BioStreamer-ES-v1.pdf;NAC-002.5__Incubation-guide-BioStreamer-ES-v1.pdf;2252517
NAC-002.5;NACEDORA 5;saf-007-ES-v2 (1);Equipo_20190510113013_saf-007-ES-v2 (1).pdf;NAC-002.5__saf-007-ES-v2-1.pdf;509359
NAC-002.6;NACEDORA 6;BioS-4HHD-0007-H;Equipo_20190510113117_BioS-4HHD-0007-H.pdf;NAC-002.6__BioS-4HHD-0007-H.pdf;1368297
NAC-002.6;NACEDORA 6;Incubation guide BioStreamer-ES-v1;Equipo_20190510132040_Incubation guide BioStreamer-ES-v1.pdf;NAC-002.6__Incubation-guide-BioStreamer-ES-v1.pdf;2252517
NAC-002.6;NACEDORA 6;saf-007-ES-v2 (1);Equipo_20190510113130_saf-007-ES-v2 (1).pdf;NAC-002.6__saf-007-ES-v2-1.pdf;509359
